Date,.SPX,SMA_200,bear_market,year_month,GPN.N,CINF.OQ,K.N,LEN.N,JBHT.OQ,DG.N,VMC.N,FRT.N,PODD.OQ,FANG.OQ,WY.N,AWK.N,GDDY.N,PCG.N,VRSK.OQ,TJX.N,PSX.N,REG.OQ,HOLX.OQ,BKR.OQ,NRG.N,MKTX.OQ,BDX.N,HUBB.N,TMUS.OQ,ABT.N,IRM.N,CAT.N,ESS.N,PFE.N,ODFL.OQ,COIN.OQ,DOC.N,AOS.N,AJG.N,VLTO.N,HLT.N,AVB.N,AEE.N,ARE.N,DPZ.OQ,PCAR.OQ,HAS.OQ,TDY.N,TRV.N,CB.N,POOL.OQ,HD.N,ORLY.OQ,COST.OQ
2016-06-30,2098.86,2022.6128999999992,False,2016-06,71.38,74.38988458,76.6146445,43.825472664,80.93,94.0,120.36,165.55,30.24,88.01196564,27.476058197,84.51,31.19,63.92,81.08,38.615,79.34,83.73,34.6,31.43764826,14.99,145.4,165.3400746,105.47,43.27,39.31,39.83,75.81,228.09,33.37728429,20.103343385,,32.2087137,44.055,47.6,,47.630553969,180.39,53.58,103.52,131.38,31.384421003,83.99,99.05,119.04,130.71,94.03,127.69,18.0734237,143.816413249
2016-07-29,2173.6,2041.3584499999988,False,2016-07,74.66,74.2011534,77.6092743,44.490935373,83.13,94.74,123.98,169.7,35.39,84.71187878,30.198744515,82.58,29.92,63.94,85.28,40.86,76.06,84.93,38.49,33.31847366,13.84,161.66,171.58944,107.83,46.34,44.75,41.21,82.76,233.88,34.96983861,23.22001161,,35.71361895,46.445,49.19,,49.025856482,185.65,52.44,112.3,147.3,35.680341364,81.23,105.0,116.22,125.26,102.28,138.24,19.37543021,153.139204174
2016-08-31,2170.95,2054.3788,False,2016-08,75.95,76.59505942,77.1401093,44.966265879,79.39,73.41,113.87,159.0,42.33,91.91031386,29.395782787,73.99,32.38,61.94,83.05,38.72,78.45,80.54,38.42,34.22405626,12.11,168.54,172.7691174,108.31,46.34,42.02,38.41,81.95,227.1,32.9886252,23.710011855,,35.80465545,48.24,49.41,,50.46344089,175.01,49.42,110.09,149.57,36.206742873,81.74,107.14,118.71,126.93,100.87,134.12,18.66342665,148.44117692
2016-09-30,2168.27,2063.7642499999993,False,2016-09,76.76,74.91634524,72.6924251,40.250987258,81.14,69.99,113.73,153.93,40.94,93.155083465,29.478847794,74.84,34.53,61.17,81.28,37.39,80.55,77.49,38.83,35.15750294,11.21,165.59,175.2259662,107.74,46.72,42.29,37.53,88.77,222.7,32.10703263,22.870011435,,34.54835175,49.395,50.87,,48.476191856,177.84,49.18,108.77,151.85,35.565380115,79.33,107.93,114.55,125.65,94.52,128.68,18.67409337,139.667862866
2016-10-31,2126.15,2078.8433499999983,False,2016-10,72.52,70.30733116,70.4967329,39.6330576,81.61,69.09,113.2,145.23,37.12,88.089160654,27.623729319,74.04,35.79,62.12,81.55,36.875,81.15,72.07,36.01,38.5917508,10.63,150.76,163.7021754,104.52,49.73,39.24,33.73,83.46,214.09,30.05946279,24.89334578,,31.18000125,45.17,48.23,,47.778540599,171.18,49.95,107.81,169.24,33.22985158,83.41,107.68,108.18,127.0,92.58,122.01,17.62942148,135.418575058
2016-11-30,2198.81,2107.9767499999966,False,2016-11,68.55,76.22753028,67.55976,40.441119461,95.37,77.32,125.65,140.42,33.65,104.068528607,28.454379382,72.47,35.34,58.8,83.08,39.17,83.08,66.84,38.28,44.81240666,11.34,165.77,164.862354,112.28,54.21,38.07,33.0,95.56,215.92,30.46708086,29.10001455,,29.53,48.63,50.35,,53.00035455,164.49,49.12,109.59,168.04,37.604429638,85.39,124.87,113.35,128.0,100.61,129.4,18.3000915,137.469955379
2016-12-30,2238.83,2136.333949999997,False,2016-12,69.41,75.2441415,69.1643043,40.811877255,97.07,74.07,125.15,142.11,37.68,97.516601771,27.771400442,72.36,34.95,60.77,81.17,37.565,86.41,68.95,40.12,45.25823194,12.26,146.92,161.401317,116.7,57.51,38.41,32.48,92.74,232.5,30.78938352,28.596680965,,29.72,47.35,51.96,,57.503376297,177.15,52.46,111.13,159.24,39.011775438,77.79,123.0,122.42,132.12,104.34,134.08,18.56075947,146.627903243
2017-01-31,2278.87,2158.199199999998,False,2017-01,77.28,70.10866676,68.2259743,42.447014196,99.08,73.82,128.33,140.43,41.6,101.482495629,28.91585164,73.44,35.73,61.89,82.64,37.46,81.62,69.73,40.53,43.94165416,16.54,187.25,172.8471126,122.08,62.27,41.77,35.8,95.66,224.3,30.07842177,29.42668138,,30.32,48.75,53.83,,57.58,173.31,52.65,110.82,174.54,41.093624487,82.51,122.87,117.78,131.49,105.56,137.58,17.48475409,150.144555222
2017-02-28,2363.64,2182.1822499999976,False,2017-02,79.69,72.47277312,69.5021031,46.382750787,98.17,73.02,120.61,140.73,43.56,97.323614236,31.121689029,78.0,36.85,66.75,82.92,39.225,78.19,70.35,40.58,41.99116856,16.56,195.23,178.462767,118.62,62.53,45.08,36.35,96.66,234.7,32.34401988,30.58668196,,32.79,50.36,56.95,,57.2,183.78,54.69,119.31,189.81,40.788368028,96.87,131.41,122.24,138.17,114.71,144.91,18.11409057,162.260520246
2017-03-31,2362.72,2214.9515999999976,False,2017-03,80.68,71.78738094,68.1321413,48.664337216,91.74,69.73,120.48,133.5,43.09,100.078511307,31.361654603,77.77,37.9,66.36,81.14,39.54,79.22,66.39,42.55,41.67073164,18.7,187.49,178.8429936,120.05,64.59,44.41,35.67,92.76,231.53,32.42933529,28.523347595,,31.28,51.16,56.54,,58.46,183.6,54.59,110.52,184.3,41.026468066,99.82,126.46,120.54,136.25,119.33,146.83,17.98942328,153.569627723
2017-04-28,2384.2,2240.463199999998,False,2017-04,81.76,71.60858298,66.62143,48.008381118,89.66,72.71,120.88,130.89,43.41,96.339377804,31.260130707,79.76,38.92,67.05,82.81,39.32,79.56,63.18,45.15,41.35726074,16.9,192.52,182.2845318,113.13,67.27,43.64,34.76,102.26,244.47,32.15443008,29.50668142,,31.35,53.88,55.81,,58.97,189.84,54.69,112.51,181.39,40.739526995,99.11,134.83,121.66,137.25,119.62,156.1,16.54341605,162.571890473
2017-05-31,2411.8,2265.131149999998,False,2017-05,91.61,69.61200576,67.184428,48.778416538,85.38,73.39,124.65,122.74,41.97,89.507619041,30.420251198,78.18,41.14,68.38,80.89,37.605,76.11,60.86,43.31,38.4176003,16.06,190.58,184.4878962,115.91,67.42,45.66,34.92,105.43,256.92,30.95053485,29.77334822,,31.34,54.87,56.73,,66.47,191.24,56.75,116.68,211.72,38.437893295,105.26,131.51,124.85,143.19,119.13,153.51,16.13874736,171.915065953
2017-06-30,2423.41,2293.9706999999985,False,2017-06,90.32,71.9661789,65.1764018,50.689245173,91.38,72.09,126.68,126.39,51.31,85.696115212,30.918641236,77.95,42.42,66.37,84.37,36.085,82.69,62.64,45.38,37.97177502,17.22,201.1,190.2205434,113.17,60.62,48.61,34.36,107.46,257.27,31.84160691,31.74668254,,31.96,56.33,57.25,,61.85,192.17,54.67,120.47,211.53,40.318273082,111.51,127.65,126.53,145.38,117.57,153.4,14.58273958,152.382511212
2017-07-31,2470.3,2323.9179999999988,False,2017-07,94.37,75.65140352,63.80644,49.852663482,90.71,75.16,123.12,132.63,50.31,92.518224598,30.475627869,81.1,42.98,67.69,87.26,35.155,83.75,66.22,44.21,36.89,24.62,202.89,196.352916,118.79,61.66,49.18,36.43,113.95,261.7,31.43398884,31.970015985,,31.65,53.55,58.79,,62.53,192.35,56.1,121.25,186.5,41.789609213,105.88,136.34,128.09,146.46,108.12,149.6,13.6200681,151.029524493
2017-08-31,2471.65,2360.9240999999993,False,2017-08,95.49,76.32686248,61.4230818,49.206213993,98.89,72.56,121.26,126.93,58.06,87.606691815,30.097220618,80.9,44.82,70.38,81.05,36.15,83.81,64.32,38.6,33.9,24.91,192.95,194.4420336,112.79,64.71,50.94,39.42,117.49,265.97,32.15443008,33.30001665,,29.81,55.69,57.9,,64.33,187.73,59.99,121.31,182.26,40.495321828,98.25,150.06,121.18,141.42,99.69,149.87,13.07539871,149.343055132
2017-09-29,2519.36,2389.075949999998,False,2017-09,95.03,76.05866554,58.5236421,50.194901446,111.08,81.05,119.6,124.21,55.08,94.525294969,31.407801829,80.91,43.51,68.09,83.19,36.865,91.61,62.04,36.69,36.62,25.59,184.51,191.039493,116.02,61.66,53.36,38.9,124.71,254.03,33.8417793,36.703351685,,27.83,59.43,61.55,,69.45,178.42,57.84,118.97,198.55,44.164504463,97.67,159.18,122.52,142.55,108.17,163.56,14.35807179,156.536752123
2017-10-31,2575.26,2421.3249499999974,False,2017-10,103.95,69.70140474,58.6737749,52.923298551,106.39,80.84,121.75,120.52,58.81,103.402721609,33.142937516,87.76,46.7,57.77,85.05,34.9,91.08,61.55,37.85,31.43,25.0,174.0,203.4407298,125.82,59.77,54.23,40.0,135.8,262.43,33.23509194,40.376686855,,25.84,59.2,63.33,,72.28,181.33,61.99,123.96,183.0,43.792091583,92.59,169.96,132.45,150.82,120.78,165.78,14.06340365,153.478239892
2017-11-30,2647.58,2452.759299999998,False,2017-11,100.56,74.73,62.0799128,60.71748866,111.14,88.08,125.65,132.21,71.73,105.477337618,32.653776923,91.56,48.65,54.24,96.42,37.775,97.56,67.81,41.72,29.73,27.65,195.27,222.4910574,125.79,61.07,56.37,40.87,141.15,246.99,34.37263074,43.08002154,,26.44,63.42,65.83,,77.56,181.33,63.96,127.06,186.16,42.937373499,93.02,186.24,135.57,152.11,125.64,179.82,15.74741207,175.726296147
2017-12-29,2673.61,2482.1841999999974,False,2017-12,100.24,74.97,63.7876734,61.16237628,114.98,93.01,128.37,132.81,69.0,121.823381888,32.543023582,91.49,50.28,44.83,96.0,38.23,101.15,69.18,42.75,31.64,28.48,201.75,208.6956564,135.34,63.51,57.07,37.73,157.58,241.37,34.33471278,43.850021925,,26.08,61.28,63.28,,79.86,178.41,58.99,130.59,188.96,44.131728472,90.89,181.15,135.64,146.13,129.65,189.53,16.03608018,177.336540904
2018-01-31,2823.81,2527.8885499999974,False,2018-01,111.78,76.9,63.9096563,60.60143102,120.83,103.12,135.4,120.8,76.53,121.09967863,34.647337075,83.17,55.23,42.43,100.05,40.16,102.4,62.91,42.7,32.15,26.01,196.21,236.8519236,135.95,65.1,62.16,35.03,162.78,232.98,35.11203096,48.816691075,,24.08,66.78,68.32,,85.65,170.4,56.63,129.7,216.85,46.292370214,94.57,190.92,149.92,156.15,135.24,200.9,17.64608823,185.673606952
2018-02-28,2713.83,2558.6493999999966,False,2018-02,113.39,74.59,62.117446,54.72117726,118.57,94.59,117.73,113.94,75.09,120.269832226,32.330746343,79.36,59.81,41.09,102.19,41.34,90.37,58.11,38.83,26.4,25.86,202.4,216.4561788,131.05,60.61,60.33,31.46,154.63,223.83,34.42002819,46.30668982,,21.64,64.19,69.11,,80.79,156.02,54.3,121.31,222.41,44.448374244,95.57,185.95,139.0,141.92,138.03,182.27,16.27941473,181.890960985
2018-03-29,2640.87,2589.126149999997,False,2018-03,111.52,74.26,61.0008333,57.00364418,117.15,93.55,114.17,116.11,86.68,122.083915062,32.303058008,82.13,61.42,43.93,104.0,40.78,95.92,58.98,37.36,27.77,30.53,217.44,211.269498,121.78,61.04,59.92,32.86,147.38,240.68,33.64271001,48.990024495,,23.23,63.59,68.73,,78.76,164.46,56.63,124.89,233.56,41.083236817,84.3,187.17,138.86,136.77,146.22,178.24,16.49208246,179.53752634
2018-04-30,2648.05,2612.3307999999965,False,2018-04,113.05,70.34,55.267637,51.15240483,117.43,96.53,111.69,115.85,86.0,123.946244781,33.945899244,86.58,64.56,46.1,106.45,42.425,111.31,58.85,38.79,36.11,31.0,198.63,226.0593378,103.86,60.51,58.13,33.94,144.36,239.69,34.70441289,44.62002231,,23.36,61.35,69.99,,78.84,163.0,58.62,124.57,241.73,39.531051657,88.09,187.09,131.6,135.67,138.81,184.8,17.07141869,187.855536238
2018-05-31,2705.27,2637.896799999996,False,2018-05,111.16,69.37,60.4190687,50.04018578,128.1,87.48,127.74,118.89,93.79,116.525874034,34.453518727,83.14,71.59,43.33,106.24,45.16,116.49,58.08,37.89,34.59,34.23,213.65,216.0369546,107.69,55.7,61.53,33.29,151.91,239.03,34.05980757,51.98669266,,23.97,63.07,66.28,,80.71,165.54,59.19,124.92,251.48,38.636993005,86.75,201.46,128.52,130.69,142.92,186.55,17.96075647,188.88456839
2018-06-29,2718.37,2668.9816999999953,False,2018-06,111.49,66.86,65.5611171,50.7752175,121.55,98.6,129.06,126.55,85.7,126.956850337,33.650556999,85.38,70.6,42.56,107.64,47.59,112.31,62.08,39.75,33.03,30.7,197.86,233.5566264,105.74,59.75,60.99,35.01,135.67,239.07,34.39158972,49.65335816,,25.82,59.15,65.28,,79.16,171.89,60.85,126.17,282.17,38.469357008,92.31,199.06,122.34,127.02,151.5,195.1,18.23809119,199.117721459
2018-07-31,2816.29,2697.555399999995,False,2018-07,112.57,75.63,66.6495799,50.55277369,119.9,98.15,112.0,125.5,83.16,127.323526655,31.546243506,88.25,73.62,43.08,110.62,48.63,123.34,63.63,42.91,34.58,31.67,193.77,244.0957278,123.25,60.0,65.54,35.11,143.8,240.45,37.85160357,48.9333578,,25.9,59.53,71.35,,78.66,176.85,62.06,127.44,262.66,40.803843488,99.61,219.42,130.14,139.72,153.25,197.52,20.400102,208.388538905
2018-08-31,2901.52,2730.1877999999942,False,2018-08,124.58,76.67,67.3627107,49.97248549,120.75,107.73,110.8,130.61,104.27,116.834654091,32.035404099,87.53,81.46,46.18,119.09,54.985,118.51,66.03,39.76,32.97,35.39,189.82,255.3075378,126.36,66.04,66.84,36.1,138.85,246.28,39.35884248,50.8000254,,27.03,58.08,72.14,,77.62,183.29,63.23,128.35,298.56,42.480203461,99.31,237.26,131.6,135.24,164.26,200.77,22.36144514,222.128023753
2018-09-28,2913.98,2757.0054999999966,False,2018-09,127.4,76.81,65.7018666,45.15609343,118.94,109.3,111.2,126.47,105.95,130.449924733,29.783419483,87.97,83.39,46.01,120.55,56.01,112.72,64.67,40.98,33.83,37.4,178.49,254.45934,133.57,70.18,73.36,34.52,152.49,246.71,41.77611243,53.75336021,,26.32,53.37,74.44,,80.78,181.15,63.22,125.79,294.8,42.337402426,105.12,246.68,129.71,133.64,166.88,207.15,23.15478244,223.795436962
2018-10-31,2711.74,2765.385199999995,True,2018-10,114.23,78.64,61.4418484,41.56797806,110.61,111.38,101.14,124.05,88.21,108.420397536,24.578012421,88.53,73.17,46.81,119.84,54.94,102.82,63.36,38.99,26.69,36.19,209.67,224.72367,101.7,68.55,68.94,30.61,121.32,250.78,40.81868394,43.47335507,,27.55,45.53,74.01,,71.17,175.38,64.58,122.23,268.79,35.520205203,91.71,221.28,125.13,124.91,145.75,175.88,21.38344025,217.840389785
2018-11-30,2760.17,2761.879149999995,True,2018-11,111.81,81.73,59.7247045,41.32619131,106.36,110.99,105.71,132.09,83.93,106.509820933,24.374964628,95.41,65.26,26.38,123.32,48.85,93.52,63.66,44.41,22.82,38.43,217.73,246.416085,110.16,68.45,74.05,33.97,135.67,262.51,43.82368227,45.576689455,,29.26,47.38,77.07,,75.54,190.57,68.62,124.5,277.32,38.630784264,91.0,224.58,130.37,133.74,162.51,180.32,23.11878226,220.365329788
2018-12-31,2506.85,2746.0021499999943,True,2018-12,103.13,77.42,53.4941933,37.86380505,93.04,108.08,98.8,118.04,79.32,89.449722781,20.175567087,90.77,65.62,23.75,109.04,44.74,86.15,58.68,41.1,21.5,39.6,211.31,219.6734808,99.34,63.61,72.33,32.41,127.07,245.21,41.37797385,41.163353915,,27.93,42.7,73.7,,71.8,174.05,65.23,115.24,247.99,36.734572516,81.25,207.07,119.75,129.18,148.65,171.82,22.95544811,194.096425679
2019-01-31,2704.1,2741.4707499999945,True,2019-01,112.28,81.12,55.3708533,45.86211074,107.04,115.43,101.65,132.57,81.19,99.504373389,24.218064061,95.67,68.63,13.0,117.41,49.73,95.41,65.0,44.4,23.57,40.91,214.77,243.2085324,109.33,69.62,72.98,37.2,133.16,271.2,40.24043505,45.310022655,,31.54,47.86,74.71,,74.48,192.92,69.34,131.71,283.73,42.121966946,90.56,224.22,125.54,133.05,149.91,183.53,22.97744822,204.501084108
2019-02-28,2784.49,2749.261849999993,False,2019-02,130.38,86.82,52.7904458,46.40371306,107.67,118.46,111.46,133.59,93.91,99.32103523,22.972088966,101.62,74.65,17.03,126.43,51.29,96.36,65.25,47.15,26.38,41.68,243.88,242.5553226,118.05,72.21,77.62,35.42,137.34,279.84,41.09358915,50.256691795,,30.77,51.93,80.28,,83.1,194.63,71.24,135.89,250.94,43.587749678,84.9,236.04,132.91,133.9,159.54,185.14,24.79745732,208.417123132
2019-03-29,2834.4,2756.2951499999926,False,2019-03,136.52,85.9,53.8413754,47.47724623,101.29,119.3,118.4,137.85,95.09,97.97012248,24.310358512,104.26,75.19,17.8,133.0,53.21,95.17,67.49,48.4,27.72,42.48,246.08,243.4717662,117.98,69.1,79.94,35.46,135.49,289.24,40.25939403,48.130024065,,31.3,53.32,78.1,,83.11,200.73,73.55,142.56,258.1,43.806331314,85.02,237.01,137.16,140.08,164.97,191.89,25.8867961,230.712819764
2019-04-30,2945.83,2772.1581499999925,False,2019-04,146.07,96.18,56.581299,50.32065841,94.48,126.09,126.11,133.85,86.25,102.659719597,24.734912989,108.19,81.5,22.52,141.14,54.88,94.27,67.17,46.38,24.02,41.17,278.33,234.7070556,127.6,72.99,79.56,32.48,139.42,282.5,38.49620889,49.76002488,,29.78,52.57,83.62,,86.99,200.93,72.77,142.39,270.58,46.075723001,101.86,248.51,143.75,145.2,183.74,203.7,25.23812619,233.942837353
2019-05-31,2752.06,2775.4952999999937,True,2019-05,154.04,98.24,49.3186248,48.02852002,85.14,127.28,124.91,130.73,109.79,94.621788736,21.043134931,113.02,74.4,17.1,140.0,50.29,80.8,65.96,44.01,21.41,34.04,297.82,227.5899936,114.54,73.44,76.13,30.65,119.81,291.74,39.35884248,44.14668874,,31.71,40.5,84.2,,89.44,203.01,73.34,146.41,279.5,42.314833095,95.14,235.8,145.57,146.07,179.78,189.85,24.75812379,228.27363244
2019-06-28,2941.76,2777.143549999994,False,2019-06,160.13,103.67,50.2663381,46.86794362,91.41,135.16,137.31,128.76,119.38,105.149258807,24.310358512,116.0,70.15,22.92,146.46,52.88,93.54,66.74,48.02,24.63,35.12,321.42,245.6946294,130.4,74.14,84.1,31.3,136.29,291.93,41.06515068,49.75335821,,31.98,47.16,87.59,,97.74,203.18,75.11,141.09,278.28,46.069294129,105.68,273.87,149.52,147.29,191.0,207.97,24.62145644,251.788922734
2019-07-31,2980.38,2788.3761999999933,False,2019-07,167.92,107.33,54.6295726,46.00718279,102.37,134.02,138.35,132.01,122.94,99.803504069,23.452020114,114.78,73.38,18.13,151.72,54.56,102.56,66.7,51.25,25.39,34.14,337.04,246.464832,129.88,79.73,87.1,29.41,131.67,302.22,36.81833916,55.66002783,,31.93,45.45,90.43,,96.55,208.79,75.69,146.36,244.53,45.092105641,121.16,291.28,146.62,152.84,189.37,213.69,25.38412692,262.622344559
2019-08-30,2926.46,2805.5444999999936,False,2019-08,165.98,112.49,58.927124,49.324497,108.04,156.09,141.25,129.21,154.17,94.64108749,24.282670177,127.32,63.34,10.45,161.54,54.97,98.63,64.51,49.37,21.69,36.4,397.62,247.5567648,131.14,78.05,85.32,31.85,119.0,321.26,33.69958695,54.58669396,,34.71,46.52,90.71,,92.37,212.56,77.15,149.84,226.84,42.147682432,110.47,308.59,146.96,156.28,196.38,227.91,25.58412792,280.849552959
2019-09-30,2976.74,2834.521549999993,False,2019-09,159.0,116.67,60.3815355,54.01515995,110.65,158.94,151.24,136.14,164.93,86.757546658,25.565563052,124.23,65.98,10.0,158.14,55.74,102.4,69.49,50.49,23.2,39.6,327.5,246.6208224,131.4,78.77,83.67,32.39,126.31,326.65,34.05980757,56.656694995,,35.63,47.71,89.57,,93.11,215.33,80.05,154.04,244.59,45.008530309,118.69,321.99,148.69,161.44,201.7,232.02,26.56746617,274.513382762
2019-10-31,3037.56,2885.780999999996,False,2019-10,169.18,113.21,59.6121049,57.6419612,117.56,160.34,142.87,136.01,145.32,82.753055293,26.959209269,123.27,65.03,6.17,144.7,57.65,116.82,67.24,48.31,21.4,40.12,368.59,249.58464,141.7,82.66,83.61,32.8,137.8,327.13,36.37280313,60.69336368,,37.62,49.68,91.22,,96.96,217.66,77.7,158.75,271.62,48.897997648,97.31,329.6,131.06,152.42,207.4,234.58,29.03414517,283.088650698
2019-11-29,3140.98,2927.159999999997,False,2019-11,181.1,107.05,61.1040496,57.69031855,115.62,157.36,141.87,132.07,185.7,74.628280042,27.236092623,121.03,66.38,7.46,147.48,61.13,114.72,65.04,51.32,22.42,39.73,403.82,252.02199,147.02,78.55,85.45,32.12,144.73,312.18,36.51499548,63.863365265,,34.88,48.4,93.27,,105.0,214.41,74.33,162.52,294.3,52.311728485,101.7,341.99,136.72,151.48,206.45,220.51,29.48548076,285.661231078
2019-12-31,3230.78,2967.8500499999977,False,2019-12,182.56,105.15,64.8949028,53.95713113,116.78,155.98,143.99,128.73,171.2,89.604112809,27.872924338,122.85,67.92,10.87,149.34,61.06,111.41,63.09,52.21,25.63,39.75,379.11,265.1544318,147.82,78.42,86.86,31.87,147.68,300.86,37.14064182,63.26003163,,34.47,47.64,95.23,,110.91,209.7,76.8,161.58,293.78,52.308539754,105.61,346.54,136.95,155.66,212.38,218.38,29.21747942,280.049194618
2020-01-31,3225.52,3011.8867000000005,False,2020-01,195.45,104.95,64.0034893,64.17987492,107.93,153.41,141.63,125.02,194.04,71.791363267,26.719243695,136.2,67.21,15.21,162.47,59.04,91.37,62.04,53.52,21.66,36.89,354.18,268.2839892,143.23,79.19,87.14,31.61,131.35,309.76,35.30162076,65.410032705,,35.99,42.69,102.57,,107.8,216.69,82.05,163.2,281.75,49.074800697,101.87,365.06,131.62,151.99,219.3,228.1,27.0734687,291.10176218
2020-02-28,2954.22,3047.178949999999,True,2020-02,183.97,93.24,56.7408151,58.35764998,96.44,150.3,120.26,116.34,189.97,59.826136056,23.978098487,123.66,69.98,15.5,155.11,59.8,74.86,57.44,47.12,16.09,33.21,324.33,231.8602308,133.24,90.16,77.03,30.41,124.24,283.36,31.68045558,64.6000323,,31.64,39.55,97.49,,97.2,200.59,79.0,151.88,339.46,44.24072452,77.25,337.32,119.81,145.03,210.96,217.84,24.58145624,267.87231415
2020-03-31,2584.59,3026.722699999999,True,2020-03,144.23,75.45,56.2904167,36.9450154,92.23,151.01,108.07,74.61,165.68,25.281367172,15.643909521,119.56,57.11,8.99,139.38,47.81,53.65,38.43,35.1,10.5,27.26,332.57,224.0119638,114.74,83.9,78.91,23.8,116.04,220.24,30.94105536,65.63,,23.85,37.81,81.51,,68.24,147.17,72.83,137.06,324.07,40.425044693,71.55,297.27,99.35,111.69,196.77,186.71,20.07010035,271.674016268
2020-04-30,2912.43,3005.800350000001,True,2020-04,166.02,65.8,61.460615,48.42505029,101.12,175.3,112.97,83.27,199.72,42.013386514,20.184796532,121.69,69.43,10.64,152.83,49.05,73.17,43.91,50.1,13.95,33.53,455.01,246.2015982,124.43,87.8,92.09,24.18,116.38,244.1,36.36332364,72.645,,26.14,42.38,78.5,,75.71,162.95,72.75,157.09,361.93,45.781544971,72.21,325.67,101.21,108.01,211.66,219.83,25.75612878,288.700687158
2020-05-29,3044.31,3001.8959999999993,False,2020-05,179.49,58.95,61.2823323,58.47370762,119.67,191.51,108.32,79.91,188.57,41.087046343,18.634249748,127.0,77.25,11.86,172.68,52.76,78.26,42.79,53.0,16.51,36.05,508.59,240.7419342,122.42,100.04,94.92,25.76,120.13,242.77,36.20217231,85.545,,24.64,47.5,94.28,,79.31,156.01,74.73,153.72,385.84,48.843346982,73.51,374.12,106.98,121.94,269.02,248.48,27.81613908,293.912544447
2020-06-30,3100.29,3021.6260999999995,False,2020-06,169.62,64.03,61.9860798,59.59559814,120.34,190.51,115.85,85.21,194.26,40.353693708,20.729333796,128.66,73.33,8.87,170.2,50.56,71.9,45.89,57.0,15.39,32.56,500.92,233.2738938,125.36,104.15,91.43,26.1,126.5,229.17,30.9979323,84.795,,27.56,47.12,97.49,,73.45,154.64,70.36,162.25,369.44,49.498030349,74.95,310.95,114.05,126.62,271.87,250.51,28.11147389,288.900776743
2020-07-31,3271.12,3048.561049999998,False,2020-07,178.02,77.93,64.7353867,69.97308545,129.4,190.4,117.42,76.3,203.36,38.462415858,25.667086949,147.27,70.28,9.35,188.71,51.99,62.02,41.03,69.78,15.49,33.81,516.7,274.2896196,134.97,107.38,100.64,28.19,132.88,220.74,36.47707752,91.41,,27.29,48.14,107.49,,75.05,153.12,80.24,177.55,386.61,56.263091812,72.76,306.7,114.42,127.24,316.7,265.49,31.82549246,310.167441223
2020-08-31,3500.31,3085.0791999999983,False,2020-08,176.62,79.41,66.5369803,72.36193854,140.54,201.88,120.0,79.24,218.25,37.593971948,27.974448235,141.34,83.68,9.26,186.67,54.79,58.47,39.71,59.72,14.28,34.41,485.94,236.6861838,144.92,116.68,109.47,30.09,142.31,216.51,35.82299271,101.09,,27.64,48.97,105.3,,90.36,158.06,79.11,168.38,408.96,56.765677023,78.94,313.61,116.04,125.0,327.84,285.04,31.04215521,331.253072268
2020-09-30,3363.0,3110.053399999996,False,2020-09,177.58,77.97,60.6067347,78.99656696,126.38,209.62,135.54,73.44,236.59,29.063922871,26.322377554,144.88,75.97,9.39,185.31,55.65,51.84,38.02,66.47,13.29,30.74,481.59,226.8490392,136.84,114.36,108.83,26.79,149.15,200.79,34.7897283,90.46,,27.15,52.8,105.58,,85.32,149.34,79.08,160.0,425.28,56.395351078,82.72,310.21,108.19,116.12,334.54,277.71,30.73882036,338.246679673
2020-10-30,3269.96,3129.4718999999955,False,2020-10,157.74,70.74,59.0115737,67.92273381,121.74,208.71,144.84,68.78,222.25,25.049782129,25.187155801,150.51,70.74,9.56,177.97,50.8,46.66,35.59,68.82,14.77,31.62,538.85,225.3378822,145.51,109.57,105.11,26.06,157.05,204.59,33.63323052,95.185,,26.97,51.69,103.71,,87.81,139.13,81.12,151.52,378.32,56.461480711,82.72,309.15,120.71,129.91,349.83,266.71,29.1068122,340.74303545
2020-11-30,3621.63,3152.902649999996,False,2020-11,195.19,76.35,59.9686703,73.36777142,135.28,218.58,139.65,87.22,257.71,38.558909626,26.802308701,153.38,79.54,12.7,198.31,63.51,60.58,45.58,69.13,18.72,32.75,539.18,228.9549096,161.59,132.94,108.22,27.5,173.59,245.88,38.31,101.68,,28.86,56.31,115.41,,103.63,166.59,77.78,163.73,392.57,57.572458546,93.03,377.94,129.65,147.83,346.11,277.41,29.49614748,373.281413227
2020-12-31,3756.07,3234.555899999996,False,2020-12,215.42,87.37,58.3922759,73.72561581,136.65,210.3,148.31,85.12,255.63,46.702983631,30.946329572,153.47,82.95,12.46,207.59,68.29,69.94,45.59,72.83,20.85,37.55,570.56,243.9494868,156.79,134.85,109.49,29.48,182.02,237.42,36.81,97.59,,30.23,54.82,123.71,,111.26,160.43,78.06,178.22,383.46,57.52002876,93.54,391.98,140.37,153.92,372.5,265.62,30.17148419,368.4022967
2021-01-29,3714.24,3349.9751499999957,False,2021-01,176.52,84.09,55.3051702,80.41827305,134.66,194.61,149.14,87.56,267.18,54.702316984,28.786639408,159.02,78.58,11.43,183.5,64.04,67.8,47.18,79.73,20.09,41.41,540.76,255.2295426,155.6,126.08,123.59,33.67,182.84,239.61,35.9,97.0,,29.65,54.3,115.41,,101.39,163.67,72.72,167.11,370.76,60.81336374,93.82,357.01,136.3,145.67,354.18,270.82,28.36480849,344.59371895
2021-02-26,3811.15,3447.5850499999938,False,2021-02,197.99,97.87,54.1510243,80.24418659,146.87,188.99,166.99,101.17,259.1,66.850882354,31.260130707,141.88,81.12,10.51,163.85,65.99,83.05,54.78,72.09,24.48,36.51,555.94,235.106781,177.51,119.97,119.78,34.79,215.88,254.79,33.49,107.385,,29.09,59.37,119.8,,123.68,175.75,70.27,159.69,346.51,60.66003033,93.71,371.0,145.5,162.58,334.77,258.34,29.82214911,323.640215
2021-03-31,3972.89,3548.8136499999923,False,2021-03,201.58,103.09,59.396289,97.90429081,168.07,202.62,168.75,101.45,260.92,70.91326998,32.856824717,149.92,77.62,11.71,176.69,66.15,81.54,56.71,74.38,21.61,37.73,497.92,237.056661,186.89,125.29,119.84,37.01,231.87,271.84,36.23,120.205,,31.74,67.61,124.77,,120.92,184.51,81.36,164.3,367.79,61.94669764,96.12,413.65,150.4,157.97,345.24,305.25,33.81683575,344.6426072
2021-04-30,4181.17,3655.3652999999927,False,2021-04,214.63,112.68,58.5705586,100.1964292,170.71,214.75,178.24,112.84,295.22,78.864356449,35.782558828,155.99,86.82,11.32,188.2,71.0,80.91,63.66,65.55,20.08,35.82,488.46,242.5748214,192.01,132.13,120.08,40.12,228.11,290.52,38.65,128.905,297.64,34.34,67.75,144.95,,128.7,192.0,84.84,181.1,422.34,59.92002996,99.45,447.75,154.66,171.59,422.52,323.67,36.85885096,363.81657885
2021-05-28,4204.11,3744.079149999994,False,2021-05,193.71,121.71,61.4512317,95.75722447,171.54,202.96,183.32,114.34,269.67,77.262559903,35.034973771,155.02,80.96,10.14,172.83,67.54,84.22,64.6,63.06,24.4,32.15,466.54,235.8282366,190.64,141.45,116.65,43.54,241.08,295.29,38.73,132.725,236.54,33.38,71.07,146.61,,125.27,206.94,84.2,178.26,426.87,61.04003052,95.97,419.47,159.7,169.99,436.55,318.91,35.67484504,369.85916655
2021-06-30,4297.5,3833.782599999993,False,2021-06,187.54,116.62,60.3627689,96.08605445,162.95,216.39,174.07,117.17,274.51,90.597998618,31.76775019,154.13,86.96,10.17,174.72,67.42,85.82,64.07,66.72,22.87,40.3,463.59,237.0956586,186.84,144.83,115.93,42.32,217.63,300.01,39.16,126.9,253.3,33.29,72.06,140.08,,120.62,208.69,80.04,181.94,466.49,59.50002975,94.52,418.83,149.71,158.94,458.66,318.89,37.74752207,386.87227755
2021-07-30,4395.26,3938.0713499999947,False,2021-07,193.41,117.88,59.4525888,101.69550705,168.45,232.64,179.99,117.53,279.69,74.425643129,31.130918475,170.11,83.85,8.79,189.94,68.81,73.43,65.41,75.04,21.24,41.24,475.17,249.340905,200.46,144.02,120.98,43.76,206.75,328.1,42.81,134.575,236.58,36.97,70.33,139.31,,131.45,227.83,83.92,201.34,525.49,55.32669433,99.44,452.77,148.92,168.74,477.82,328.19,40.25620128,420.1651758
2021-08-31,4522.68,4049.6766499999944,False,2021-08,162.64,123.4,59.2461562,103.78454457,177.4,222.91,185.93,121.77,297.81,74.435292506,33.226002522,182.25,73.31,9.17,201.76,72.72,71.09,68.62,79.15,22.78,45.67,475.92,245.392398,206.11,137.02,126.37,47.75,210.87,330.74,46.07,144.36,259.0,36.0,72.72,143.62,,124.86,229.58,87.72,206.37,516.89,54.58002729,98.31,463.38,159.71,183.92,494.3,326.18,39.60553136,445.36217985
2021-09-30,4307.54,4138.788749999994,False,2021-09,157.58,114.22,59.9780536,90.60233096,167.22,212.14,169.16,117.99,284.23,91.350650007,32.829136381,169.04,69.7,9.6,200.27,65.98,70.03,67.33,73.81,24.73,40.83,420.69,239.6597508,180.67,127.76,118.13,43.45,191.97,319.74,43.01,142.99,227.48,33.48,61.07,148.65,,132.11,221.64,81.0,191.07,476.96,52.61335964,89.22,429.58,152.01,173.48,434.41,328.26,40.73753702,439.35870275
2021-10-29,4605.38,4213.976149999993,False,2021-10,142.99,121.44,57.519629,96.64699971,197.19,221.52,190.12,120.35,310.02,103.43166974,33.434931531,174.18,69.17,11.6,210.27,65.49,74.78,70.41,73.31,25.08,39.89,408.67,233.5858746,199.37,115.03,128.89,45.64,204.01,339.93,43.74,170.675,319.42,35.51,73.07,167.67,,143.95,236.68,84.29,204.14,488.97,59.74669654,95.76,449.22,160.88,195.38,515.16,371.74,41.48820744,480.6106081
2021-11-30,4567.0,4303.272149999994,False,2021-11,119.04,113.9,57.4070294,101.59879235,191.16,221.3,191.64,122.67,288.44,102.987798408,35.204025053,168.57,70.17,11.88,224.87,69.4,69.17,69.34,74.73,23.34,36.02,352.69,231.1972716,195.7,108.81,125.77,45.44,193.35,339.44,53.73,177.585,315.0,32.86,79.05,162.9,,135.07,238.87,81.59,200.07,524.14,55.61336114,96.91,415.29,146.95,179.47,554.12,400.61,42.54421272,527.3868857
2021-12-31,4766.18,4393.643799999997,False,2021-12,135.18,113.93,60.4472186,112.34379552,204.4,235.83,207.58,136.32,266.07,104.068528607,38.54564615,188.86,84.86,12.14,228.73,75.92,72.46,75.35,76.56,24.06,43.08,411.27,245.1779112,208.27,115.98,140.74,52.33,206.74,352.23,59.05,179.19,252.37,36.09,85.85,169.67,,155.99,252.59,89.01,222.96,564.33,58.84002942,101.78,436.89,156.43,193.31,566.0,415.01,47.08223541,555.0771905
2022-01-31,4515.55,4446.789099999997,False,2022-01,149.88,117.83,59.11479,92.95249817,192.54,208.48,190.31,127.49,248.0,121.736537497,37.843624911,160.8,75.71,12.79,196.13,71.97,84.79,71.75,70.24,27.44,39.93,344.48,247.7712516,187.29,108.17,127.46,45.92,201.56,332.5,52.69,150.965,190.15,35.37,76.42,157.94,,145.11,244.23,88.74,194.84,454.65,61.99336433,92.48,421.43,166.18,197.28,476.25,366.98,43.45021725,493.89843445
2022-02-28,4373.94,4473.225099999996,True,2022-02,133.38,122.79,59.9968202,86.92717236,202.93,198.34,181.45,117.58,264.69,133.257893377,37.696358801,151.09,83.41,11.37,177.34,66.1,84.24,65.89,71.17,29.38,37.84,381.43,264.4817232,178.25,123.21,120.62,49.18,187.58,317.17,46.94,157.015,190.77,31.06,68.58,158.19,,148.86,238.59,85.95,189.4,432.21,61.20669727,97.05,429.38,171.83,203.64,458.58,315.83,43.28288308,507.70447625
2022-03-31,4530.41,4493.4121499999965,False,2022-03,136.84,135.96,60.5129017,78.50332199,200.79,222.63,183.7,122.07,266.39,132.273656945,36.746193379,165.53,83.7,11.94,214.63,60.58,86.39,71.34,76.82,36.41,38.36,340.2,259.33404,183.77,128.35,118.36,55.41,222.82,345.48,51.77,149.34,189.86,34.33,63.89,174.6,,151.74,248.37,93.76,201.25,407.01,58.71336269,81.92,472.63,182.73,213.9,422.85,299.33,45.66422832,563.04597525
2022-04-29,4131.93,4499.373399999996,True,2022-04,136.98,122.66,64.275605,73.97707403,170.85,237.53,172.29,117.06,238.99,121.804083135,39.965121136,154.08,80.81,12.65,204.05,61.28,86.76,68.83,71.99,31.02,35.9,263.61,247.19,195.36,123.14,113.5,53.73,210.54,329.27,49.07,140.06,112.71,32.81,58.43,168.49,,155.29,227.48,92.9,182.16,338.0,55.36669435,88.06,431.55,171.06,206.45,405.22,300.4,40.43686885,519.8972058
2022-05-31,4132.15,4456.880799999995,True,2022-05,131.04,127.86,65.4391342,77.61354675,172.58,220.34,164.87,114.97,213.48,149.39370248,38.316874995,151.25,75.05,12.2,174.92,63.57,100.81,68.21,75.27,35.98,46.04,281.68,255.8,189.86,133.29,117.46,53.9,215.85,283.85,53.04,129.12,78.1,29.69,60.12,161.94,,140.86,207.96,95.19,165.95,363.17,57.89336228,89.75,405.15,179.04,211.29,398.62,302.75,42.47821239,455.8535983
2022-06-30,3785.38,4392.141149999996,True,2022-06,110.64,118.98,66.9404622,68.25156379,157.47,245.44,142.1,95.74,217.94,119.0570126,32.111713053,148.77,69.56,9.98,173.09,55.85,81.99,59.31,69.3,28.87,38.17,256.01,246.53,178.58,134.54,108.65,48.69,178.76,261.51,52.43,128.14,47.02,25.91,54.68,163.04,,111.44,194.25,90.36,145.03,389.71,54.89336078,81.88,375.11,169.13,196.58,351.23,274.27,42.11754392,468.6232092
2022-07-29,4130.29,4338.949149999997,True,2022-07,122.32,97.34,69.3613536,82.207495,183.27,248.43,165.33,105.61,247.8,125.80832648,35.214294024,155.44,74.18,10.86,190.25,61.16,89.0,64.43,71.38,25.69,37.75,270.78,244.31,219.02,143.06,108.84,48.49,198.25,286.53,50.51,151.755,62.96,27.63,63.27,178.99,,128.07,213.94,93.12,165.78,392.11,61.01336384,78.72,391.4,158.7,188.64,357.7,300.94,46.90623453,529.2641945
2022-08-31,3955.0,4281.7189999999955,True,2022-08,124.23,96.96,68.2541242,74.90553515,174.02,237.42,166.49,101.27,255.47,133.28,33.120051868,148.45,75.82,12.33,187.16,62.35,89.46,60.84,67.56,25.26,41.28,248.59,252.42,206.3,143.96,102.65,52.61,184.71,265.06,45.23,135.705,66.8,26.25,56.45,181.57,,127.36,200.91,92.62,153.4,371.86,58.34002917,78.82,368.36,161.64,189.05,339.19,288.42,46.47489904,510.4911065
2022-09-30,3585.62,4194.776799999995,True,2022-09,108.05,89.57,65.3640678,72.10080885,156.42,239.86,157.71,90.12,229.4,120.46,27.690535169,130.16,70.88,12.5,170.53,62.12,80.72,53.85,64.52,20.96,38.27,222.49,222.83,223.0,134.17,96.76,43.97,164.08,242.23,43.76,124.385,64.49,22.92,48.58,171.22,,120.62,184.19,80.55,140.19,310.2,55.79336123,67.42,337.47,153.2,181.88,318.21,275.94,46.89023445,461.76907655
2022-10-31,3871.98,4095.6402499999963,True,2022-10,114.26,103.32,72.0825106,78.0487629,171.07,255.05,163.7,98.98,258.81,157.11,29.9883842,145.34,80.4,14.93,182.83,72.1,104.29,60.51,67.8,27.66,44.4,244.04,235.97,237.48,151.56,98.94,50.07,216.46,222.24,46.55,137.3,66.25,23.73,54.78,187.08,,135.26,175.12,81.52,145.3,332.24,64.55336561,65.25,397.98,184.46,214.89,304.23,296.13,55.81161239,490.3491475
2022-11-30,4080.11,4040.276549999995,False,2022-11,103.78,110.96,68.4511735,84.94452101,183.89,255.68,183.33,111.1,299.37,148.02,31.714194866,151.76,79.13,15.7,183.71,80.05,108.44,66.43,76.16,29.02,42.45,267.92,249.34,254.06,151.46,107.58,54.33,236.41,220.38,50.13,151.305,45.73,26.26,60.74,199.11,,142.62,174.9,89.32,155.61,388.73,70.60670197,62.82,420.1,189.81,219.59,329.41,323.99,57.63628818,527.25977625
2022-12-30,3839.5,3996.733099999995,True,2022-12,99.32,102.39,66.8466292,87.5268035,174.36,246.25,175.11,101.04,294.39,136.78,30.056253159,152.42,74.82,16.26,176.42,79.6,104.08,62.5,74.81,29.53,31.82,278.89,254.3,234.68,140.0,109.79,49.85,239.56,211.92,51.24,141.89,35.39,25.07,57.24,188.54,,126.36,161.52,88.92,145.67,346.4,65.98003299,61.01,399.91,187.49,220.6,302.33,315.86,56.26894801,446.3497225
2023-01-31,4076.6,3943.390949999995,False,2023-01,112.72,113.15,64.3506714,99.0358528,189.05,233.6,183.33,111.53,287.32,146.12,33.381832138,156.49,82.13,15.9,181.79,81.86,100.27,66.63,81.37,31.74,34.22,363.85,252.22,228.91,149.31,110.55,54.58,252.29,226.07,44.16,166.62,58.48,27.48,67.7,195.72,,145.09,177.44,86.87,160.74,353.0,72.87336977,59.17,424.26,191.12,227.49,385.61,324.17,52.82359745,499.7748021
2023-02-28,3970.15,3937.8625499999944,False,2023-02,112.2,120.7,61.8734802,93.56180078,180.79,216.3,180.91,106.78,276.36,140.58,31.11753125,140.38,75.71,15.62,171.11,76.6,102.56,62.9,79.64,30.6,32.79,341.45,234.55,251.54,142.18,101.72,52.75,239.55,228.06,40.57,169.63,64.83,24.06,65.63,187.35,,144.51,172.52,82.71,149.78,294.01,72.2,55.01,430.07,185.12,211.02,356.86,296.54,55.3402767,473.4142577
2023-03-31,4109.31,3937.0162499999947,False,2023-03,105.24,112.08,62.8305768,101.65682117,175.46,210.46,171.56,98.83,318.96,135.17,30.00227893,146.49,77.72,16.17,191.86,78.36,101.38,61.18,80.7,28.86,34.29,391.29,247.54,243.31,144.84,101.26,52.91,228.84,209.14,40.8,170.42,67.57,21.97,69.15,191.31,,140.87,168.06,86.39,125.59,329.87,73.2,53.69,447.36,171.41,194.18,342.44,295.12,56.59894966,485.82209555
2023-04-28,4169.48,3965.4187499999944,False,2023-04,112.71,106.44,65.4672841,109.10385307,175.29,221.46,175.12,98.89,318.04,142.2,29.78321151,148.25,75.68,17.11,194.11,78.82,99.0,61.43,86.01,29.24,34.17,318.37,264.31,269.32,143.9,110.47,55.24,218.8,219.73,38.89,160.195,53.79,21.97,68.29,208.06,,144.02,180.37,88.97,124.18,317.47,74.69,59.22,414.4,181.14,201.56,351.32,300.54,61.15430577,492.0309033
2023-05-31,4179.83,3973.573549999994,False,2023-05,97.69,96.5,62.6522941,103.60078664,166.97,201.09,195.5,88.2,274.25,127.15,28.53851026,144.45,73.38,16.94,219.11,76.79,91.61,56.27,78.89,27.25,33.79,272.41,241.76,282.46,137.25,102.0,53.42,205.75,216.06,38.02,155.22,62.2,19.96,63.94,200.33,,136.12,173.98,81.07,113.46,289.85,68.78,59.35,388.65,169.24,185.8,316.23,283.45,60.22096777,500.1854634
2023-06-30,4450.38,4002.0998499999932,False,2023-06,98.52,97.32,63.243442,121.19319057,181.03,169.78,225.44,96.77,288.34,131.36,33.36795111,142.75,75.13,17.28,226.03,84.79,95.38,61.77,80.97,31.61,37.39,261.42,264.01,331.56,138.9,109.02,56.82,246.05,234.3,36.68,184.875,71.55,20.1,72.78,219.57,,145.55,189.27,81.67,113.49,336.99,83.65,64.77,411.11,173.66,192.56,374.64,310.64,63.6869851,526.4091207
2023-07-31,4588.96,4078.8915499999916,False,2023-07,110.25,107.58,62.7648937,122.66325401,203.94,168.86,220.5,101.52,276.75,147.32,33.91561966,147.43,77.09,17.61,228.94,86.53,111.55,65.53,79.42,35.79,37.99,269.22,278.62,312.0,137.77,111.33,61.4,265.17,243.55,36.06,209.745,98.61,21.83,72.63,214.8,,155.49,188.65,85.67,125.68,396.74,86.13,64.56,384.53,172.61,204.41,384.74,333.84,61.71964193,548.20350255
2023-08-31,4507.66,4157.247649999991,False,2023-08,126.69,105.79,57.2568966,115.17753623,187.88,138.5,218.25,97.94,191.71,151.78,32.61117275,138.74,72.51,16.3,242.22,92.48,114.16,62.2,74.74,36.19,37.55,240.93,279.45,326.05,136.25,102.9,63.54,281.13,238.39,35.38,213.685,79.6,20.58,72.5,230.48,,148.65,183.82,79.27,116.34,387.4,82.29,72.0,418.3,161.23,200.87,365.6,330.3,62.6469799,537.0667592
2023-09-29,4288.05,4199.462199999991,False,2023-09,115.39,102.29,55.8400183,108.54290781,188.52,105.8,202.02,90.63,159.49,154.88,30.53003226,123.83,74.48,16.13,236.24,88.88,120.15,59.44,69.4,35.32,38.52,213.64,258.53,313.41,140.05,96.85,59.45,273.0,212.09,33.17,204.57,75.08,18.36,66.13,227.93,84.56,150.18,171.74,74.83,100.1,378.79,85.02,66.14,408.58,163.31,208.18,356.1,302.16,60.59096962,552.3981144
2023-10-31,4193.8,4242.1324999999915,True,2023-10,106.22,99.67,50.47,103.17524196,171.87,119.04,196.49,91.19,132.57,160.32,28.56838309,117.65,73.23,16.3,227.36,88.07,114.07,60.26,66.17,34.42,42.38,213.75,252.78,270.1,143.86,94.55,59.07,226.05,213.92,30.56,188.33,77.12,15.55,69.76,235.49,69.0,151.53,165.74,75.71,93.13,338.99,82.53,45.15,374.59,167.44,214.62,315.77,284.69,62.02964348,540.1564966
2023-11-30,4567.8,4283.722149999992,False,2023-11,116.44,102.79,52.54,123.71744424,185.27,131.12,213.56,95.59,189.09,154.41,31.21710735,131.84,100.06,17.17,241.43,88.11,128.89,62.78,71.3,33.75,47.84,240.12,236.18,300.0,150.45,104.29,64.15,250.72,213.46,30.47,194.53,124.72,17.32,75.36,249.0,77.25,167.52,172.94,77.59,109.4,392.89,91.82,46.41,402.96,180.62,229.43,347.32,313.49,65.49232746,579.5604261
2023-12-29,4769.83,4353.7657499999905,False,2023-12,127.0,103.46,55.91,144.14358888,199.74,135.95,227.01,103.05,216.98,155.08,34.62260997,131.99,106.16,18.03,238.86,93.81,133.14,67.0,71.45,34.18,51.7,292.85,243.83,328.93,160.33,110.07,69.98,295.67,247.94,28.79,202.665,173.92,19.8,82.44,224.88,82.26,182.09,187.22,72.34,126.77,412.23,97.65,51.06,446.29,190.49,226.0,398.71,346.55,63.33898336,660.08
2024-01-31,4845.65,4434.041549999992,False,2024-01,133.23,110.8,54.76,144.92697795,200.98,132.07,226.01,101.73,190.87,153.74,32.63108797,124.02,106.66,16.87,241.53,94.91,144.31,62.67,74.44,28.5,53.04,225.51,238.81,335.57,161.23,113.15,67.52,300.31,233.27,27.08,195.51,128.2,18.5,77.61,232.16,76.69,190.96,179.01,69.57,120.9,426.22,100.39,48.95,418.47,211.36,245.0,371.25,352.96,68.20367435,694.88
2024-02-29,5096.27,4522.643649999993,False,2024-02,129.7,114.0,55.15,153.30247097,206.31,145.31,265.85,100.85,164.0,182.52,34.38,118.54,114.15,16.69,241.9,99.14,142.51,61.95,73.8,29.59,55.32,213.41,235.55,380.67,163.3,118.64,78.64,333.96,231.4,26.56,221.24,203.56,16.75,82.9,243.93,86.42,204.32,177.03,71.19,124.73,448.35,110.89,50.29,427.27,220.96,251.67,398.12,380.61,72.49502914,743.89
2024-03-28,5254.35,4618.446999999991,False,2024-03,133.66,124.17,57.29,166.32994106,199.25,156.06,272.92,102.12,171.4,198.17,35.91,122.21,118.68,16.76,235.73,101.42,163.34,60.56,77.96,33.5,67.69,219.25,247.45,415.05,163.22,113.66,80.21,366.43,244.81,27.75,219.31,265.12,18.75,89.46,250.04,88.66,213.31,185.56,73.96,128.91,496.88,123.89,56.52,429.32,230.14,259.13,403.5,383.6,75.25904296,732.63
2024-04-30,5035.69,4695.611599999993,False,2024-04,122.77,115.69,57.86,146.63882814,162.57,139.19,257.63,104.17,171.94,201.13,30.17,122.32,122.38,17.11,217.96,94.09,143.21,59.22,75.77,32.62,72.67,200.09,234.6,370.52,164.17,105.97,77.52,334.57,246.25,25.62,181.71,203.93,18.61,82.84,234.69,93.68,197.28,189.57,73.87,115.87,529.27,106.11,61.3,381.48,212.16,248.64,362.53,334.22,67.55100442,722.9
2024-05-31,5277.51,4773.845499999995,False,2024-05,101.85,117.58,60.34,155.08202145,160.75,136.91,255.77,100.95,177.19,199.26,30.03,130.77,139.63,18.54,252.78,103.1,142.11,61.4,73.78,33.48,81.0,198.93,231.97,388.89,174.96,102.19,80.69,338.52,259.79,28.66,175.25,225.92,19.9,83.64,253.33,98.58,200.6,192.68,73.37,119.0,508.58,107.5,59.78,396.95,215.7,270.82,363.55,334.87,64.21765442,809.89
2024-06-28,5460.48,4866.087399999995,False,2024-06,96.7,118.1,57.68,144.94632089,160.0,132.23,248.68,100.97,201.8,200.19,28.39,129.16,139.71,17.46,269.55,110.1,141.17,62.2,74.25,35.17,77.86,200.53,233.71,365.48,176.18,103.91,89.62,333.1,272.2,27.98,176.6,222.23,19.6,81.78,259.31,95.47,218.2,206.89,71.11,116.97,516.33,102.94,58.5,387.98,203.34,255.08,307.33,344.24,70.40435202,849.99
2024-07-31,5522.3,4997.195049999996,False,2024-07,101.64,130.62,58.15,171.11731871,173.15,120.39,274.51,111.65,194.35,202.31,31.76,142.36,145.45,18.25,261.75,113.02,145.48,67.34,81.61,38.72,75.17,223.53,241.06,395.65,182.28,105.94,102.56,346.2,278.36,30.54,210.18,224.36,21.82,85.04,283.49,106.56,214.67,204.92,79.27,117.29,428.7,98.66,64.46,421.86,216.44,275.66,374.04,368.16,75.08970878,822.0
2024-08-30,5648.4,5127.931949999996,False,2024-08,111.01,137.03,80.61,176.07878282,173.2,82.97,245.21,115.0,202.77,195.11,30.49,143.12,167.41,19.7,272.82,117.27,140.31,72.69,81.24,35.17,85.01,242.39,242.41,399.92,198.72,113.27,113.26,356.1,301.79,29.01,192.8,183.36,22.28,83.72,292.57,112.43,219.64,225.73,82.51,119.57,414.21,96.18,68.16,432.8,228.07,284.18,351.62,368.5,75.33170999,892.38
2024-09-30,5762.48,5234.142499999998,False,2024-09,102.42,136.12,80.71,181.32071956,172.33,84.57,250.43,114.97,232.75,172.4,33.86,146.24,156.78,19.77,267.96,117.54,131.45,72.23,81.46,36.15,91.1,256.2,241.1,428.35,206.36,114.01,118.83,391.12,295.42,28.94,198.64,178.17,22.87,89.83,281.37,111.86,230.5,225.25,87.46,118.75,430.14,98.68,72.32,437.66,234.12,288.39,376.8,405.2,76.7737172,886.52
2024-10-31,5705.45,5354.407699999997,False,2024-10,103.71,140.83,80.65,164.7051341,180.62,80.04,273.93,110.84,231.53,176.77,31.16,138.11,166.8,20.22,274.72,113.03,121.82,71.44,80.87,38.08,90.4,289.42,233.59,427.03,223.16,113.37,123.73,376.2,283.86,28.3,201.32,179.25,22.45,75.1,281.2,102.19,234.85,221.61,87.11,111.55,413.73,104.28,65.63,455.32,245.94,282.44,361.64,393.75,76.87638438,874.18
2024-11-29,6032.38,5455.173999999998,False,2024-11,118.96,159.83,81.29,168.66076533,189.11,77.27,288.13,116.65,266.78,177.59,32.26,136.94,197.57,21.63,294.21,125.69,133.98,75.59,79.5,43.95,101.61,258.69,221.9,460.09,246.94,118.77,123.67,406.11,310.46,26.21,225.14,296.2,21.99,74.49,312.24,108.19,253.44,235.35,94.39,110.23,476.19,117.0,65.15,485.26,266.04,288.73,377.09,429.13,82.88174774,971.88
2024-12-31,5881.63,5551.615599999998,False,2024-12,112.06,143.7,80.97,131.88983639,170.66,75.82,257.23,111.95,261.07,163.83,28.15,124.49,197.37,20.18,275.43,120.81,113.93,73.93,72.09,41.02,90.22,226.04,226.87,418.89,220.73,113.11,105.11,362.76,285.44,26.53,176.4,248.3,20.27,68.21,283.85,101.85,247.16,219.97,89.14,97.55,419.76,104.02,55.91,464.13,240.89,276.3,340.94,388.99,79.0537286,916.27
2025-01-31,6040.53,5629.953549999997,False,2025-01,112.85,137.05,81.73,131.24,171.22,71.06,274.15,108.63,278.38,164.36,30.62,124.64,212.65,15.65,287.44,124.79,117.87,71.84,72.14,46.18,102.44,220.63,247.6,423.01,232.97,127.93,101.57,371.44,284.57,26.52,185.61,291.33,20.66,67.3,301.82,103.39,256.07,221.51,94.2,97.35,449.12,110.88,57.84,511.33,245.18,271.88,344.25,411.98,86.29509814,979.88
2025-02-28,5954.5,5720.0878999999995,False,2025-02,105.28,147.81,82.9,119.63,161.19,74.18,247.31,105.42,272.27,158.96,30.1,135.97,179.5,16.34,296.91,124.76,129.69,76.7,63.39,44.59,105.71,192.79,225.53,371.59,269.69,138.01,93.17,343.95,311.57,26.43,176.5,215.62,20.46,66.48,337.74,99.76,264.96,226.18,101.56,102.26,489.71,107.24,65.11,515.02,258.49,285.48,347.0,396.6,91.57645788,1048.61
2025-03-31,5611.85,5760.2234499999995,True,2025-03,97.92,147.72,82.49,114.78,147.95,87.93,233.3,97.82,262.61,159.88,29.28,147.52,180.14,17.18,297.62,121.8,123.48,73.76,61.77,43.95,95.46,216.35,229.06,330.91,266.71,132.65,86.04,329.8,306.57,25.34,165.45,172.23,20.22,65.36,345.24,97.45,227.55,214.62,100.4,92.51,459.45,97.37,61.49,497.71,264.46,301.99,318.35,366.49,95.50581086,945.78
2025-04-30,5569.06,5746.046599999998,True,2025-04,76.31,139.21,82.77,108.61,130.58,93.69,262.33,94.02,252.29,132.01,25.91,147.01,188.33,16.52,296.43,128.68,104.06,72.18,58.2,35.4,109.58,221.59,207.09,363.18,246.95,130.75,89.67,309.27,279.15,24.41,153.28,202.89,17.84,67.86,320.69,95.9,225.48,209.98,99.24,72.66,490.37,90.21,61.9,466.03,264.13,286.08,293.14,360.49,94.3471384,994.5
2025-05-30,5911.69,5785.237549999996,False,2025-05,75.61,150.82,82.63,106.08,138.85,97.25,265.07,95.48,325.03,134.55,25.91,142.97,182.15,16.88,314.14,126.9,113.48,72.15,62.17,37.05,155.9,216.41,172.59,389.58,242.2,133.58,98.71,348.03,283.9,23.49,160.17,246.62,17.41,64.31,347.44,101.03,248.44,206.77,96.88,70.19,473.82,93.85,66.71,498.86,275.7,297.2,300.59,368.29,91.1671225,1040.18
2025-06-30,6204.95,5833.126899999998,False,2025-06,80.04,148.92,79.53,110.61,143.6,114.38,260.82,94.99,314.18,137.4,25.69,139.11,180.06,13.94,311.5,123.49,119.3,71.23,65.16,38.34,160.58,223.34,172.25,408.41,238.26,136.01,102.57,388.21,283.4,24.24,162.3,350.49,17.51,65.57,320.12,100.95,266.34,203.5,96.04,72.63,450.6,95.06,73.82,512.31,267.54,289.72,291.48,366.64,90.13,989.94
2025-07-31,6339.39,5898.810349999999,False,2025-07,79.95,147.51,79.83,112.18,144.05,104.9,274.67,92.16,288.4,148.66,25.05,140.24,161.58,14.02,278.71,124.53,123.58,71.4,66.82,45.05,167.2,205.5,178.25,437.48,238.41,126.19,97.36,438.02,260.18,23.29,149.25,377.76,16.94,70.79,287.25,104.83,268.08,186.28,101.13,76.43,463.21,98.76,75.16,551.02,260.24,266.04,308.14,367.51,98.32,939.64
2025-08-29,6460.26,5959.465949999999,False,2025-08,88.82,153.6,79.5,133.14,144.99,108.76,291.16,100.55,339.88,148.76,25.87,143.51,148.31,15.28,268.12,136.61,133.58,72.5,67.12,45.4,145.56,183.84,192.98,430.99,251.99,132.66,92.33,419.04,270.21,24.76,150.97,304.54,17.94,71.29,302.75,106.19,276.06,195.85,99.78,82.44,458.3,99.98,81.17,538.17,271.51,275.07,310.71,406.77,103.68,943.32
2025-09-03,6448.26,5963.858249999998,False,2025-09,86.76,153.53,79.04,134.08,145.38,109.69,288.05,100.07,343.53,142.29,24.82,140.7,143.49,15.35,268.44,139.47,130.53,72.23,66.24,45.0,146.91,181.59,189.61,428.8,252.66,132.18,89.81,415.12,261.51,24.79,148.11,302.31,17.73,70.79,303.7,105.07,275.0,191.07,99.92,81.56,466.6,96.22,79.03,544.64,276.55,278.22,304.74,407.71,103.84,949.78
